-- --------------------------------------------------------
-- Host:                         127.0.0.1
-- Server version:               8.0.31 - MySQL Community Server - GPL
-- Server OS:                    Win64
-- HeidiSQL Version:             12.3.0.6589
-- --------------------------------------------------------

/*!40101 SET @OLD_CHARACTER_SET_CLIENT=@@CHARACTER_SET_CLIENT */;
/*!40101 SET NAMES utf8 */;
/*!50503 SET NAMES utf8mb4 */;
/*!40103 SET @OLD_TIME_ZONE=@@TIME_ZONE */;
/*!40103 SET TIME_ZONE='+00:00' */;
/*!40014 SET @OLD_FOREIGN_KEY_CHECKS=@@FOREIGN_KEY_CHECKS, FOREIGN_KEY_CHECKS=0 */;
/*!40101 SET @OLD_SQL_MODE=@@SQL_MODE, SQL_MODE='NO_AUTO_VALUE_ON_ZERO' */;
/*!40111 SET @OLD_SQL_NOTES=@@SQL_NOTES, SQL_NOTES=0 */;

-- Dumping data for table appoint.banners_banner: 3 rows

DELETE FROM `doctor_doctor`;
/*!40000 ALTER TABLE `doctor_doctor` DISABLE KEYS */;
INSERT INTO `doctor_doctor` (`id`, `first_name`, `last_name`, `email`, `phone`, `gender`, `image`, `bio`, `is_active`, `is_verified`, `created_at`, `updated_at`, `user_id`, `friday`, `license_number`, `monday`, `off`, `qualification`, `saturday`, `slot`, `specialization`, `sunday`, `thursday`, `tuesday`, `wednesday`, `years_of_experience`) VALUES
	(1, 'Sangeeta', 'Meena', 'doctor1@hospital.com', '+91-9000000000', 'F', 'catalog/IMG_20190625_165249_HDR.jpg', 'Experienced doctor specializing in Internal Medicine', 1, 1, '2025-06-15 08:10:03.988430', '2025-06-23 13:50:30.608893', 1, '10:00-18:00#500', 'MED10000', '10:00-18:00#500', '', 'MBBS, MD in Internal Medicine', '00:00-00:00#0', 1800, 'Internal Medicine', '00:00-00:00#0', '10:00-18:00#500', '10:00-18:00#500', '10:00-18:00#500', 1),
	(2, 'Doctor2', 'LastName2', 'doctor2@hospital.com', '+91-9000000001', 'F', '', 'Experienced doctor specializing in Cardiology', 1, 1, '2025-06-15 08:10:03.988430', '2025-06-15 08:10:03.988430', 2, '10:00-18:00#500', 'MED10001', '10:00-18:00#500', '', 'MBBS, MD in Cardiology', '00:00-00:00#0', 1800, 'Cardiology', '00:00-00:00#0', '10:00-18:00#500', '10:00-18:00#500', '10:00-18:00#500', 2),
	(3, 'Doctor3', 'LastName3', 'doctor3@hospital.com', '+91-9000000002', 'M', '', 'Experienced doctor specializing in Pediatrics', 1, 1, '2025-06-15 08:10:03.988430', '2025-06-15 08:10:03.988430', 3, '10:00-18:00#500', 'MED10002', '10:00-18:00#500', '', 'MBBS, MD in Pediatrics', '00:00-00:00#0', 1800, 'Pediatrics', '00:00-00:00#0', '10:00-18:00#500', '10:00-18:00#500', '10:00-18:00#500', 3),
	(4, 'Doctor4', 'LastName4', 'doctor4@hospital.com', '+91-9000000003', 'F', '', 'Experienced doctor specializing in Surgery', 1, 1, '2025-06-15 08:10:04.004463', '2025-06-15 08:10:04.004463', 4, '10:00-18:00#500', 'MED10003', '10:00-18:00#500', '', 'MBBS, MD in Surgery', '00:00-00:00#0', 1800, 'Surgery', '00:00-00:00#0', '10:00-18:00#500', '10:00-18:00#500', '10:00-18:00#500', 4),
	(5, 'Doctor5', 'LastName5', 'doctor5@hospital.com', '+91-9000000004', 'M', '', 'Experienced doctor specializing in Dermatology', 1, 1, '2025-06-15 08:10:04.004463', '2025-06-15 08:10:04.004463', 5, '10:00-18:00#500', 'MED10004', '10:00-18:00#500', '', 'MBBS, MD in Dermatology', '00:00-00:00#0', 1800, 'Dermatology', '00:00-00:00#0', '10:00-18:00#500', '10:00-18:00#500', '10:00-18:00#500', 5),
	(6, 'Doctor6', 'LastName6', 'doctor6@hospital.com', '+91-9000000005', 'F', '', 'Experienced doctor specializing in Neurology', 1, 1, '2025-06-15 08:10:04.004463', '2025-06-15 08:10:04.004463', 6, '10:00-18:00#500', 'MED10005', '10:00-18:00#500', '', 'MBBS, MD in Neurology', '00:00-00:00#0', 1800, 'Neurology', '00:00-00:00#0', '10:00-18:00#500', '10:00-18:00#500', '10:00-18:00#500', 6),
	(7, 'Doctor7', 'LastName7', 'doctor7@hospital.com', '+91-9000000006', 'M', '', 'Experienced doctor specializing in Orthopedics', 1, 1, '2025-06-15 08:10:04.004463', '2025-06-15 08:10:04.004463', 7, '10:00-18:00#500', 'MED10006', '10:00-18:00#500', '', 'MBBS, MD in Orthopedics', '00:00-00:00#0', 1800, 'Orthopedics', '00:00-00:00#0', '10:00-18:00#500', '10:00-18:00#500', '10:00-18:00#500', 7),
	(8, 'Doctor8', 'LastName8', 'doctor8@hospital.com', '+91-9000000007', 'F', '', 'Experienced doctor specializing in Internal Medicine', 1, 1, '2025-06-15 08:10:04.004463', '2025-06-15 08:10:04.004463', 8, '10:00-18:00#500', 'MED10007', '10:00-18:00#500', '', 'MBBS, MD in Internal Medicine', '00:00-00:00#0', 1800, 'Internal Medicine', '00:00-00:00#0', '10:00-18:00#500', '10:00-18:00#500', '10:00-18:00#500', 8),
	(9, 'Vegvati', 'Radha', 'doctor9@hospital.com', '+91-9000000008', 'M', 'catalog/durga2.jpeg', 'Experienced doctor specializing in Cardiology', 1, 1, '2025-06-15 08:10:04.004463', '2025-06-23 14:09:50.287205', 9, '10:00-18:00#500', 'MED10008', '10:00-18:00#500', '', 'MBBS, MD in Cardiology', '00:00-00:00#0', 1800, 'Cardiology', '00:00-00:00#0', '10:00-18:00#500', '10:00-18:00#500', '10:00-18:00#500', 9),
	(10, 'Amar', 'Kantak', 'doctor10@hospital.com', '+91-9000000009', 'F', 'catalog/Doctors/IMG_20190716_185528_HDR.jpg', 'Experienced doctor specializing in Pediatrics', 1, 1, '2025-06-15 08:10:04.004463', '2025-11-13 06:11:38.629384', 10, '10:00-18:00#500', 'MED10009', '10:00-18:00#500', '', 'MBBS, MD in Pediatrics', '00:00-00:00#0', 1800, 'Pediatrics', '00:00-00:00#0', '10:00-18:00#500', '10:00-18:00#500', '10:00-18:00#500', 10),
	(11, 'test', 'test', 'tedxcst@test.com', '67759035', 'F', 'catalog/IMG_20190810_175204_-_Copy.jpg', '', 1, 0, '2025-06-23 08:57:09.023284', '2025-06-23 08:57:09.023284', 24, '10:00-18:00#500', 'abcde83939', '10:00-18:00#500', '', 'MBBS,MD', '00:00-00:00#0', 1800, '', '00:00-00:00#0', '10:00-18:00#500', '10:00-18:00#500', '10:00-18:00#500', 1);
/*!40000 ALTER TABLE `doctor_doctor` ENABLE KEYS */;

-- Dumping data for table appoint.doctor_doctorcategory: 14 rows
DELETE FROM `doctor_doctorcategory`;
/*!40000 ALTER TABLE `doctor_doctorcategory` DISABLE KEYS */;
INSERT INTO `doctor_doctorcategory` (`id`, `is_primary`, `expertise_level`, `years_in_category`, `created_at`, `category_id`, `doctor_id`) VALUES
	(1, 1, 'expert', 1, '2025-06-15 08:10:03.988430', 1, 1),
	(2, 0, 'intermediate', 1, '2025-06-15 08:10:03.988430', 2, 1),
	(3, 1, 'advanced', 2, '2025-06-15 08:10:03.988430', 2, 2),
	(4, 1, 'advanced', 3, '2025-06-15 08:10:04.004463', 3, 3),
	(5, 1, 'advanced', 4, '2025-06-15 08:10:04.004463', 4, 4),
	(6, 0, 'intermediate', 4, '2025-06-15 08:10:04.004463', 5, 4),
	(7, 1, 'expert', 5, '2025-06-15 08:10:04.004463', 5, 5),
	(8, 1, 'advanced', 6, '2025-06-15 08:10:04.004463', 6, 6),
	(9, 1, 'advanced', 7, '2025-06-15 08:10:04.004463', 7, 7),
	(10, 0, 'intermediate', 7, '2025-06-15 08:10:04.004463', 8, 7),
	(11, 1, 'advanced', 8, '2025-06-15 08:10:04.004463', 8, 8),
	(12, 1, 'expert', 9, '2025-06-15 08:10:04.004463', 9, 9),
	(13, 1, 'advanced', 10, '2025-06-15 08:10:04.004463', 10, 10),
	(14, 0, 'intermediate', 10, '2025-06-15 08:10:04.004463', 1, 10);
/*!40000 ALTER TABLE `doctor_doctorcategory` ENABLE KEYS */;

-- Dumping data for table appoint.doctor_doctorcategoryrating: 0 rows

DELETE FROM `information_information`;
/*!40000 ALTER TABLE `information_information` DISABLE KEYS */;
INSERT INTO `information_information` (`id`, `title`, `seo_url`, `content`, `status`, `sort_order`) VALUES
	(1, 'Privacy Policy', 'privacy-policy', '<h1>Privacy Policy</h1>\r\n\r\n<p>Last updated: May 30, 2024</p>\r\n\r\n<p>This Privacy Policy describes Our policies and procedures on the collection, use and disclosure of Your information when You use the Service and tells You about Your privacy rights and how the law protects You.</p>\r\n\r\n<p>We use Your Personal data to provide and improve the Service. By using the Service, You agree to the collection and use of information in accordance with this Privacy Policy. This Privacy Policy has been created with the help of the <a href="https://www.termsfeed.com/privacy-policy-generator/" target="_blank">Privacy Policy Generator</a>.</p>\r\n\r\n<h2>Interpretation and Definitions</h2>\r\n\r\n<h3>Interpretation</h3>\r\n\r\n<p>The words of which the initial letter is capitalized have meanings defined under the following conditions. The following definitions shall have the same meaning regardless of whether they appear in singular or in plural.</p>\r\n\r\n<h3>Definitions</h3>\r\n\r\n<p>For the purposes of this Privacy Policy:</p>\r\n\r\n<ul>\r\n	<li>\r\n	<p><strong>Account</strong> means a unique account created for You to access our Service or parts of our Service.</p>\r\n	</li>\r\n	<li>\r\n	<p><strong>Affiliate</strong> means an entity that controls, is controlled by or is under common control with a party, where &quot;control&quot; means ownership of 50% or more of the shares, equity interest or other securities entitled to vote for election of directors or other managing authority.</p>\r\n	</li>\r\n	<li>\r\n	<p><strong>Company</strong> (referred to as either &quot;the Company&quot;, &quot;We&quot;, &quot;Us&quot; or &quot;Our&quot; in this Agreement) refers to Appointments.</p>\r\n	</li>\r\n	<li>\r\n	<p><strong>Cookies</strong> are small files that are placed on Your computer, mobile device or any other device by a website, containing the details of Your browsing history on that website among its many uses.</p>\r\n	</li>\r\n	<li>\r\n	<p><strong>Country</strong> refers to: Rajasthan, India</p>\r\n	</li>\r\n	<li>\r\n	<p><strong>Device</strong> means any device that can access the Service such as a computer, a cellphone or a digital tablet.</p>\r\n	</li>\r\n	<li>\r\n	<p><strong>Personal Data</strong> is any information that relates to an identified or identifiable individual.</p>\r\n	</li>\r\n	<li>\r\n	<p><strong>Service</strong> refers to the Website.</p>\r\n	</li>\r\n	<li>\r\n	<p><strong>Service Provider</strong> means any natural or legal person who processes the data on behalf of the Company. It refers to third-party companies or individuals employed by the Company to facilitate the Service, to provide the Service on behalf of the Company, to perform services related to the Service or to assist the Company in analyzing how the Service is used.</p>\r\n	</li>\r\n	<li>\r\n	<p><strong>Third-party Social Media Service</strong> refers to any website or any social network website through which a User can log in or create an account to use the Service.</p>\r\n	</li>\r\n	<li>\r\n	<p><strong>Usage Data</strong> refers to data collected automatically, either generated by the use of the Service or from the Service infrastructure itself (for example, the duration of a page visit).</p>\r\n	</li>\r\n	<li>\r\n	<p><strong>Website</strong> refers to Appointments, accessible from <a href="appoint.shambhalnetworks.in" rel="external nofollow noopener" target="_blank">appoint.shambhalnetworks.in</a></p>\r\n	</li>\r\n	<li>\r\n	<p><strong>You</strong> means the individual accessing or using the Service, or the company, or other legal entity on behalf of which such individual is accessing or using the Service, as applicable.</p>\r\n	</li>\r\n</ul>\r\n\r\n<h2>Collecting and Using Your Personal Data</h2>\r\n\r\n<h3>Types of Data Collected</h3>\r\n\r\n<h4>Personal Data</h4>\r\n\r\n<p>While using Our Service, We may ask You to provide Us with certain personally identifiable information that can be used to contact or identify You. Personally identifiable information may include, but is not limited to:</p>\r\n\r\n<ul>\r\n	<li>\r\n	<p>Email address</p>\r\n	</li>\r\n	<li>\r\n	<p>First name and last name</p>\r\n	</li>\r\n	<li>\r\n	<p>Phone number</p>\r\n	</li>\r\n	<li>\r\n	<p>Address, State, Province, ZIP/Postal code, City</p>\r\n	</li>\r\n	<li>\r\n	<p>Usage Data</p>\r\n	</li>\r\n</ul>\r\n\r\n<h4>Usage Data</h4>\r\n\r\n<p>Usage Data is collected automatically when using the Service.</p>\r\n\r\n<p>Usage Data may include information such as Your Device&#39;s Internet Protocol address (e.g. IP address), browser type, browser version, the pages of our Service that You visit, the time and date of Your visit, the time spent on those pages, unique device identifiers and other diagnostic data.</p>\r\n\r\n<p>When You access the Service by or through a mobile device, We may collect certain information automatically, including, but not limited to, the type of mobile device You use, Your mobile device unique ID, the IP address of Your mobile device, Your mobile operating system, the type of mobile Internet browser You use, unique device identifiers and other diagnostic data.</p>\r\n\r\n<p>We may also collect information that Your browser sends whenever You visit our Service or when You access the Service by or through a mobile device.</p>\r\n\r\n<h4>Information from Third-Party Social Media Services</h4>\r\n\r\n<p>The Company allows You to create an account and log in to use the Service through the following Third-party Social Media Services:</p>\r\n\r\n<ul>\r\n	<li>Google</li>\r\n	<li>Facebook</li>\r\n	<li>Instagram</li>\r\n	<li>Twitter</li>\r\n	<li>LinkedIn</li>\r\n</ul>\r\n\r\n<p>If You decide to register through or otherwise grant us access to a Third-Party Social Media Service, We may collect Personal data that is already associated with Your Third-Party Social Media Service&#39;s account, such as Your name, Your email address, Your activities or Your contact list associated with that account.</p>\r\n\r\n<p>You may also have the option of sharing additional information with the Company through Your Third-Party Social Media Service&#39;s account. If You choose to provide such information and Personal Data, during registration or otherwise, You are giving the Company permission to use, share, and store it in a manner consistent with this Privacy Policy.</p>\r\n\r\n<h4>Tracking Technologies and Cookies</h4>\r\n\r\n<p>We use Cookies and similar tracking technologies to track the activity on Our Service and store certain information. Tracking technologies used are beacons, tags, and scripts to collect and track information and to improve and analyze Our Service. The technologies We use may include:</p>\r\n\r\n<ul>\r\n	<li><strong>Cookies or Browser Cookies.</strong> A cookie is a small file placed on Your Device. You can instruct Your browser to refuse all Cookies or to indicate when a Cookie is being sent. However, if You do not accept Cookies, You may not be able to use some parts of our Service. Unless you have adjusted Your browser setting so that it will refuse Cookies, our Service may use Cookies.</li>\r\n	<li><strong>Web Beacons.</strong> Certain sections of our Service and our emails may contain small electronic files known as web beacons (also referred to as clear gifs, pixel tags, and single-pixel gifs) that permit the Company, for example, to count users who have visited those pages or opened an email and for other related website statistics (for example, recording the popularity of a certain section and verifying system and server integrity).</li>\r\n</ul>\r\n\r\n<p>Cookies can be &quot;Persistent&quot; or &quot;Session&quot; Cookies. Persistent Cookies remain on Your personal computer or mobile device when You go offline, while Session Cookies are deleted as soon as You close Your web browser. You can learn more about cookies on <a href="https://www.termsfeed.com/blog/cookies/#What_Are_Cookies" target="_blank">TermsFeed website</a> article.</p>\r\n\r\n<p>We use both Session and Persistent Cookies for the purposes set out below:</p>\r\n\r\n<ul>\r\n	<li>\r\n	<p><strong>Necessary / Essential Cookies</strong></p>\r\n\r\n	<p>Type: Session Cookies</p>\r\n\r\n	<p>Administered by: Us</p>\r\n\r\n	<p>Purpose: These Cookies are essential to provide You with services available through the Website and to enable You to use some of its features. They help to authenticate users and prevent fraudulent use of user accounts. Without these Cookies, the services that You have asked for cannot be provided, and We only use these Cookies to provide You with those services.</p>\r\n	</li>\r\n	<li>\r\n	<p><strong>Cookies Policy / Notice Acceptance Cookies</strong></p>\r\n\r\n	<p>Type: Persistent Cookies</p>\r\n\r\n	<p>Administered by: Us</p>\r\n\r\n	<p>Purpose: These Cookies identify if users have accepted the use of cookies on the Website.</p>\r\n	</li>\r\n	<li>\r\n	<p><strong>Functionality Cookies</strong></p>\r\n\r\n	<p>Type: Persistent Cookies</p>\r\n\r\n	<p>Administered by: Us</p>\r\n\r\n	<p>Purpose: These Cookies allow us to remember choices You make when You use the Website, such as remembering your login details or language preference. The purpose of these Cookies is to provide You with a more personal experience and to avoid You having to re-enter your preferences every time You use the Website.</p>\r\n	</li>\r\n</ul>\r\n\r\n<p>For more information about the cookies we use and your choices regarding cookies, please visit our Cookies Policy or the Cookies section of our Privacy Policy.</p>\r\n\r\n<h3>Use of Your Personal Data</h3>\r\n\r\n<p>The Company may use Personal Data for the following purposes:</p>\r\n\r\n<ul>\r\n	<li>\r\n	<p><strong>To provide and maintain our Service</strong>, including to monitor the usage of our Service.</p>\r\n	</li>\r\n	<li>\r\n	<p><strong>To manage Your Account:</strong> to manage Your registration as a user of the Service. The Personal Data You provide can give You access to different functionalities of the Service that are available to You as a registered user.</p>\r\n	</li>\r\n	<li>\r\n	<p><strong>For the performance of a contract:</strong> the development, compliance and undertaking of the purchase contract for the products, items or services You have purchased or of any other contract with Us through the Service.</p>\r\n	</li>\r\n	<li>\r\n	<p><strong>To contact You:</strong> To contact You by email, telephone calls, SMS, or other equivalent forms of electronic communication, such as a mobile application&#39;s push notifications regarding updates or informative communications related to the functionalities, products or contracted services, including the security updates, when necessary or reasonable for their implementation.</p>\r\n	</li>\r\n	<li>\r\n	<p><strong>To provide You</strong> with news, special offers and general information about other goods, services and events which we offer that are similar to those that you have already purchased or enquired about unless You have opted not to receive such information.</p>\r\n	</li>\r\n	<li>\r\n	<p><strong>To manage Your requests:</strong> To attend and manage Your requests to Us.</p>\r\n	</li>\r\n	<li>\r\n	<p><strong>For business transfers:</strong> We may use Your information to evaluate or conduct a merger, divestiture, restructuring, reorganization, dissolution, or other sale or transfer of some or all of Our assets, whether as a going concern or as part of bankruptcy, liquidation, or similar proceeding, in which Personal Data held by Us about our Service users is among the assets transferred.</p>\r\n	</li>\r\n	<li>\r\n	<p><strong>For other purposes</strong>: We may use Your information for other purposes, such as data analysis, identifying usage trends, determining the effectiveness of our promotional campaigns and to evaluate and improve our Service, products, services, marketing and your experience.</p>\r\n	</li>\r\n</ul>\r\n\r\n<p>We may share Your personal information in the following situations:</p>\r\n\r\n<ul>\r\n	<li><strong>With Service Providers:</strong> We may share Your personal information with Service Providers to monitor and analyze the use of our Service, to contact You.</li>\r\n	<li><strong>For business transfers:</strong> We may share or transfer Your personal information in connection with, or during negotiations of, any merger, sale of Company assets, financing, or acquisition of all or a portion of Our business to another company.</li>\r\n	<li><strong>With Affiliates:</strong> We may share Your information with Our affiliates, in which case we will require those affiliates to honor this Privacy Policy. Affiliates include Our parent company and any other subsidiaries, joint venture partners or other companies that We control or that are under common control with Us.</li>\r\n	<li><strong>With business partners:</strong> We may share Your information with Our business partners to offer You certain products, services or promotions.</li>\r\n	<li><strong>With other users:</strong> when You share personal information or otherwise interact in the public areas with other users, such information may be viewed by all users and may be publicly distributed outside. If You interact with other users or register through a Third-Party Social Media Service, Your contacts on the Third-Party Social Media Service may see Your name, profile, pictures and description of Your activity. Similarly, other users will be able to view descriptions of Your activity, communicate with You and view Your profile.</li>\r\n	<li><strong>With Your consent</strong>: We may disclose Your personal information for any other purpose with Your consent.</li>\r\n</ul>\r\n\r\n<h3>Retention of Your Personal Data</h3>\r\n\r\n<p>The Company will retain Your Personal Data only for as long as is necessary for the purposes set out in this Privacy Policy. We will retain and use Your Personal Data to the extent necessary to comply with our legal obligations (for example, if we are required to retain your data to comply with applicable laws), resolve disputes, and enforce our legal agreements and policies.</p>\r\n\r\n<p>The Company will also retain Usage Data for internal analysis purposes. Usage Data is generally retained for a shorter period of time, except when this data is used to strengthen the security or to improve the functionality of Our Service, or We are legally obligated to retain this data for longer time periods.</p>\r\n\r\n<h3>Transfer of Your Personal Data</h3>\r\n\r\n<p>Your information, including Personal Data, is processed at the Company&#39;s operating offices and in any other places where the parties involved in the processing are located. It means that this information may be transferred to &mdash; and maintained on &mdash; computers located outside of Your state, province, country or other governmental jurisdiction where the data protection laws may differ than those from Your jurisdiction.</p>\r\n\r\n<p>Your consent to this Privacy Policy followed by Your submission of such information represents Your agreement to that transfer.</p>\r\n\r\n<p>The Company will take all steps reasonably necessary to ensure that Your data is treated securely and in accordance with this Privacy Policy and no transfer of Your Personal Data will take place to an organization or a country unless there are adequate controls in place including the security of Your data and other personal information.</p>\r\n\r\n<h3>Delete Your Personal Data</h3>\r\n\r\n<p>You have the right to delete or request that We assist in deleting the Personal Data that We have collected about You.</p>\r\n\r\n<p>Our Service may give You the ability to delete certain information about You from within the Service.</p>\r\n\r\n<p>You may update, amend, or delete Your information at any time by signing in to Your Account, if you have one, and visiting the account settings section that allows you to manage Your personal information. You may also contact Us to request access to, correct, or delete any personal information that You have provided to Us.</p>\r\n\r\n<p>Please note, however, that We may need to retain certain information when we have a legal obligation or lawful basis to do so.</p>\r\n\r\n<h3>Disclosure of Your Personal Data</h3>\r\n\r\n<h4>Business Transactions</h4>\r\n\r\n<p>If the Company is involved in a merger, acquisition or asset sale, Your Personal Data may be transferred. We will provide notice before Your Personal Data is transferred and becomes subject to a different Privacy Policy.</p>\r\n\r\n<h4>Law enforcement</h4>\r\n\r\n<p>Under certain circumstances, the Company may be required to disclose Your Personal Data if required to do so by law or in response to valid requests by public authorities (e.g. a court or a government agency).</p>\r\n\r\n<h4>Other legal requirements</h4>\r\n\r\n<p>The Company may disclose Your Personal Data in the good faith belief that such action is necessary to:</p>\r\n\r\n<ul>\r\n	<li>Comply with a legal obligation</li>\r\n	<li>Protect and defend the rights or property of the Company</li>\r\n	<li>Prevent or investigate possible wrongdoing in connection with the Service</li>\r\n	<li>Protect the personal safety of Users of the Service or the public</li>\r\n	<li>Protect against legal liability</li>\r\n</ul>\r\n\r\n<h3>Security of Your Personal Data</h3>\r\n\r\n<p>The security of Your Personal Data is important to Us, but remember that no method of transmission over the Internet, or method of electronic storage is 100% secure. While We strive to use commercially acceptable means to protect Your Personal Data, We cannot guarantee its absolute security.</p>\r\n\r\n<h2>Children&#39;s Privacy</h2>\r\n\r\n<p>Our Service does not address anyone under the age of 13. We do not knowingly collect personally identifiable information from anyone under the age of 13. If You are a parent or guardian and You are aware that Your child has provided Us with Personal Data, please contact Us. If We become aware that We have collected Personal Data from anyone under the age of 13 without verification of parental consent, We take steps to remove that information from Our servers.</p>\r\n\r\n<p>If We need to rely on consent as a legal basis for processing Your information and Your country requires consent from a parent, We may require Your parent&#39;s consent before We collect and use that information.</p>\r\n\r\n<h2>Links to Other Websites</h2>\r\n\r\n<p>Our Service may contain links to other websites that are not operated by Us. If You click on a third party link, You will be directed to that third party&#39;s site. We strongly advise You to review the Privacy Policy of every site You visit.</p>\r\n\r\n<p>We have no control over and assume no responsibility for the content, privacy policies or practices of any third party sites or services.</p>\r\n\r\n<h2>Changes to this Privacy Policy</h2>\r\n\r\n<p>We may update Our Privacy Policy from time to time. We will notify You of any changes by posting the new Privacy Policy on this page.</p>\r\n\r\n<p>We will let You know via email and/or a prominent notice on Our Service, prior to the change becoming effective and update the &quot;Last updated&quot; date at the top of this Privacy Policy.</p>\r\n\r\n<p>You are advised to review this Privacy Policy periodically for any changes. Changes to this Privacy Policy are effective when they are posted on this page.</p>\r\n\r\n<h2>Contact Us</h2>\r\n\r\n<p>If you have any questions about this Privacy Policy, You can contact us:</p>\r\n\r\n<ul>\r\n	<li>\r\n	<p>By email: info@appoint.shambhalnetworks.in</p>\r\n	</li>\r\n	<li>\r\n	<p>By visiting this page on our website: <a href="https://appoint.shambhalnetworks.in/contact" rel="external nofollow noopener" target="_blank">https://appoint.shambhalnetworks.in/contact</a></p>\r\n	</li>\r\n</ul>', 1, 10),
	(2, 'Terms and Conditions', 'terms-and-conditions', '<h2><strong>Terms and Conditions</strong></h2>\r\n\r\n<p>Welcome to appoint.shambhalnetworks.in!</p>\r\n<p>The site is for demo purpose and in no case transactions will actually occur,unless requested</p>\r\n\r\n<p>These terms and conditions outline the rules and regulations for the use of Shambhal Networks\'s Website, located at shambhalnetworks.in.</p>\r\n\r\n<p>By accessing this website we assume you accept these terms and conditions. Do not continue to use appoint.shambhalnetworks.in if you do not agree to take all of the terms and conditions stated on this page.</p>\r\n\r\n<p>The following terminology applies to these Terms and Conditions, Privacy Statement and Disclaimer Notice and all Agreements: "Client", "You" and "Your" refers to you, the person log on this website and compliant to the Company\'s terms and conditions. "The Company", "Ourselves", "We", "Our" and "Us", refers to our Company. "Party", "Parties", or "Us", refers to both the Client and ourselves. All terms refer to the offer, acceptance and consideration of payment necessary to undertake the process of our assistance to the Client in the most appropriate manner for the express purpose of meeting the Client\'s needs in respect of provision of the Company\'s stated services, in accordance with and subject to, prevailing law of in. Any use of the above terminology or other words in the singular, plural, capitalization and/or he/she or they, are taken as interchangeable and therefore as referring to same.</p>\r\n\r\n<h3><strong>Cookies</strong></h3>\r\n\r\n<p>We employ the use of cookies. By accessing appoint.shambhalnetworks.in, you agreed to use cookies in agreement with the Shambhal Networks\'s Privacy Policy. </p>\r\n\r\n<p>Most interactive websites use cookies to let us retrieve the user\'s details for each visit. Cookies are used by our website to enable the functionality of certain areas to make it easier for people visiting our website. Some of our affiliate/advertising partners may also use cookies.</p>\r\n\r\n<h3><strong>License</strong></h3>\r\n\r\n<p>Unless otherwise stated, Shambhal Networks and/or its licensors own the intellectual property rights for all material on appoint.shambhalnetworks.in. All intellectual property rights are reserved. You may access this from appoint.shambhalnetworks.in for your own personal use subjected to restrictions set in these terms and conditions.</p>\r\n\r\n<p>You must not:</p>\r\n<ul>\r\n    <li>Republish material from appoint.shambhalnetworks.in</li>\r\n    <li>Sell, rent or sub-license material from appoint.shambhalnetworks.in</li>\r\n    <li>Reproduce, duplicate or copy material from appoint.shambhalnetworks.in</li>\r\n    <li>Redistribute content from appoint.shambhalnetworks.in</li>\r\n</ul>\r\n\r\n\r\n\r\n<p>We reserve the right to request that you remove all links or any particular link to our Website. You approve to immediately remove all links to our Website upon request. We also reserve the right to amen these terms and conditions and it\'s linking policy at any time. By continuously linking to our Website, you agree to be bound to and follow these linking terms and conditions.</p>\r\n\r\n<h3><strong>Removal of links from our website</strong></h3>\r\n\r\n<p>If you find any link on our Website that is offensive for any reason, you are free to contact and inform us any moment. We will consider requests to remove links but we are not obligated to or so or to respond to you directly.</p>\r\n\r\n<p>We do not ensure that the information on this website is correct, we do not warrant its completeness or accuracy; nor do we promise to ensure that the website remains available or that the material on the website is kept up to date.</p>\r\n\r\n\r\n\r\n<p>As long as the website and the information and services on the website are provided free of charge, we will not be liable for any loss or damage of any nature.</p>', 1, 10),
	(3, 'Data Deletion Policy', 'data-deletion-policy', '<h3><strong>Data Deletion Policy</strong></h3>\r\n\r\n<p>We respect your privacy and are committed to protecting your personal data. This Data Deletion Policy outlines how users can request the deletion of their data from our systems.</p>\r\n\r\n<h4><strong>1. User-Initiated Data Deletion</strong></h4>\r\n\r\n<p>If you wish to delete your personal data from our records, you may contact us through the following means:</p>\r\n\r\n<ul>\r\n	<li>\r\n	<p><strong>Email:</strong> [your-email@example.com]</p>\r\n	</li>\r\n	<li>\r\n	<p><strong>Support Form:</strong>&nbsp;https://appoint.shambhalnetworks.in/contact</p>\r\n	</li>\r\n	<li>\r\n	<p><strong>Data Deletion URL (for third-party platforms like Facebook):</strong> [https://yourdomain.com/data_deletion.php]</p>\r\n	</li>\r\n</ul>\r\n\r\n<p>Upon receiving your request, we will verify your identity and process the deletion within 30 days.</p>\r\n\r\n<h4><strong>2. Automatic Data Deletion</strong></h4>\r\n\r\n<p>We may also delete user data:</p>\r\n\r\n<ul>\r\n	<li>\r\n	<p>After a certain period of inactivity.</p>\r\n	</li>\r\n	<li>\r\n	<p>Upon termination of user accounts.</p>\r\n	</li>\r\n	<li>\r\n	<p>As required to comply with legal obligations.</p>\r\n	</li>\r\n</ul>\r\n\r\n<h4><strong>3. Third-Party Integrations</strong></h4>\r\n\r\n<p>If you have signed in through third-party platforms (such as Facebook), and request deletion via their interface, we will receive a signed request from that platform and process the deletion accordingly.</p>\r\n\r\n<h4><strong>4. Exceptions</strong></h4>\r\n\r\n<p>Some data may be retained for:</p>\r\n\r\n<ul>\r\n	<li>\r\n	<p>Legal or regulatory compliance.</p>\r\n	</li>\r\n	<li>\r\n	<p>Fraud prevention.</p>\r\n	</li>\r\n	<li>\r\n	<p>Record-keeping or accounting purposes.</p>\r\n	</li>\r\n</ul>\r\n\r\n<h4><strong>5. Contact Us</strong></h4>\r\n\r\n<p>If you have questions about this policy or need help deleting your data, please contact us at:<br />\r\n<strong>Email:</strong> [your-email@example.com]<br />\r\n<strong>Phone (if applicable):</strong> [your phone number]</p>', 1, 10);
/*!40000 ALTER TABLE `information_information` ENABLE KEYS */;


DELETE FROM `orders_orderhistory`;
/*!40000 ALTER TABLE `orders_orderhistory` DISABLE KEYS */;
INSERT INTO `orders_orderhistory` (`id`, `dated`, `status`, `order_id`) VALUES
	(1, '2025-09-14', 'CREATED', 132),
	(2, '2025-09-15', 'COMPLETED', 132),
	(3, '2025-09-15', 'COMPLETED', 132),
	(4, '2025-09-15', 'COMPLETED', 137),
	(5, '2025-09-15', 'COMPLETED', 137),
	(6, '2025-09-15', 'COMPLETED', 135),
	(7, '2025-09-15', 'COMPLETED', 135);
/*!40000 ALTER TABLE `orders_orderhistory` ENABLE KEYS */;

-- Dumping data for table appoint.orders_orderitems: 186 rows

/*!40000 ALTER TABLE `taxes_tax` ENABLE KEYS */;

/*!40103 SET TIME_ZONE=IFNULL(@OLD_TIME_ZONE, 'system') */;
/*!40101 SET SQL_MODE=IFNULL(@OLD_SQL_MODE, '') */;
/*!40014 SET FOREIGN_KEY_CHECKS=IFNULL(@OLD_FOREIGN_KEY_CHECKS, 1) */;
/*!40101 SET CHARACTER_SET_CLIENT=@OLD_CHARACTER_SET_CLIENT */;
/*!40111 SET SQL_NOTES=IFNULL(@OLD_SQL_NOTES, 1) */;
